Year,Crop,Irrigation,seed,crop insurance,fertilizers,depreciation
1996,corn,0,28.19536922,6.057772849,34.41646437,16.21345086
1997,corn,0,29.0143952,9.811771464,30.5238985,11.8583096
1998,corn,0,31.97084718,6.431328221,30.05574055,25.21080663
1999,corn,0,28.6931431,1.649995558,17.49274952,29.18254856
2000,corn,0,19.30485708,4.694313531,24.0803403,11.29611469
2001,corn,0,26.26849966,4.459199492,30.46461954,12.60151361
2002,corn,0,36.05071084,6.850153029,41.33400467,26.13158566
2003,corn,0,39.62801141,9.343601413,51.75696826,25.56196647
2004,corn,0,39.88263303,12.0363172,54.86636808,29.74548883
2005,corn,0,47.2474489,9.66181106,63.97073175,34.09068643
2006,corn,0,39.3923816,10.80430531,63.90139931,27.79075322
2007,corn,0,43.98658521,18.60581995,64.90689725,26.79642547
2008,corn,0,49.13344157,21.89960047,76.41056251,31.08574711
2009,corn,0,60.06973734,15.2346062,89.21420137,32.5214865
2010,corn,0,63.41640459,14.23023095,67.17694611,36.7507466
2011,corn,0,67.70012799,19.15943656,120.4558955,38.7331312
2012,corn,0,66.56088225,19.60299154,109.3282784,42.615199
2013,corn,0,45.61,17.29,44.9,32.01
2014,corn,0,41.36891846,13.90444381,42.98273925,31.70567442
2015,corn,0,48.06236388,16.61051022,50.85371589,30.68521473
2016,corn,0,45.6582403,16.92771494,44.82350206,27.57548059
2017,corn,0,39.81139332,17.72457592,37.71105483,22.44796157
2018,corn,0,32.09911392,20.46550443,43.92754463,24.81651149
2019,corn,0,39.48269287,19.24473744,45.36910403,23.10826428
2020,corn,0,38.46147424,16.09387221,45.22126061,27.84923972
2021,corn,0,38.87631671,23.83989966,39.89078053,28.68009566
2022,corn,0,38.27227473,24.42961962,71.0839046,21.18188915
1996,sorghum,0,6.354722498,3.607938241,10.70503486,11.19500178
1997,sorghum,0,6.908880498,5.370348287,20.49441022,12.6275757
1998,sorghum,0,7.931971472,5.130770736,15.73531638,15.79248374
1999,sorghum,0,7.816504382,2.740670588,27.37873986,13.85716609
2000,sorghum,0,8.252251452,4.477861034,19.67012067,13.01420639
2001,sorghum,0,7.800310615,3.998810164,13.41706042,13.24605867
2002,sorghum,0,4.35094786,4.6487806,10.35939967,12.3276856
2003,sorghum,0,8.470012663,6.279710435,14.63577674,9.93865462
2004,sorghum,0,5.993494018,5.709851297,5.907167972,10.19880566
2005,sorghum,0,5.701661342,6.632057962,4.16889255,17.04534322
2006,sorghum,0,5.431041171,7.499458978,2.542189484,23.4690311
2007,sorghum,0,11.71852066,10.41521443,44.90788789,20.35854212
2008,sorghum,0,12.51869454,12.01015638,78.44471512,21.05564353
2009,sorghum,0,12.95430164,11.06490643,73.84929206,29.89370696
2010,sorghum,0,12.8894697,13.58121704,64.49542361,28.82369602
2011,sorghum,0,12.63487168,15.77805492,54.60957242,27.37210315
2012,sorghum,0,12.51567809,18.01760467,45.75046007,26.25907977
2013,sorghum,0,12.47,20.28,37.45,25.33
2014,sorghum,0,9.03346031,15.44938201,31.42030367,28.52723468
2015,sorghum,0,12.00084791,12.60039887,36.84781231,25.91829316
2016,sorghum,0,10.76424075,12.95785519,34.34074281,25.28480357
2017,sorghum,0,12.56401575,12.21237537,32.56950224,17.73407972
2018,sorghum,0,10.69661224,13.4241092,31.57959069,17.49680025
2019,sorghum,0,12.82071287,15.35387433,34.41636994,22.87134989
2020,sorghum,0,12.51145546,13.17753295,38.54248367,19.64028476
2021,sorghum,0,11.4170165,16.15404668,43.29525232,18.0454199
2022,sorghum,0,14.0416582,15.66552343,40.49314924,10.78596761
1996,soybeans,0,22.07820644,1.826240344,3.711870618,22.18213881
1997,soybeans,0,24.66005875,3.643128162,4.049532897,23.44084455
1998,soybeans,0,35.27226233,2.729741534,8.889524785,11.26197031
1999,soybeans,0,37.06896801,1.44025036,14.68216387,13.96903019
2000,soybeans,0,27.63827822,4.450804472,2.543316841,26.02841278
2001,soybeans,0,31.31962829,4.406583569,2.907029757,25.15041129
2002,soybeans,0,31.026402,5.386887827,2.615748416,22.33745553
2003,soybeans,0,36.17163853,7.368531196,3.380408641,22.04229005
2004,soybeans,0,38.94537882,10.1371442,6.684102382,23.97397607
2005,soybeans,0,42.16605197,8.039581055,10.44906974,31.35913738
2006,soybeans,0,39.88926409,9.66032004,8.862996974,22.49837693
2007,soybeans,0,39.5036612,12.66229413,10.40397903,22.42585545
2008,soybeans,0,43.07426357,18.97821108,15.18040487,27.13646145
2009,soybeans,0,50.95937768,14.46364608,14.73511091,29.29648434
2010,soybeans,0,51.28011153,12.04014285,10.85429027,30.38346608
2011,soybeans,0,59.34247107,16.0732138,26.67822085,33.21314219
2012,soybeans,0,59.26556604,13.06866103,23.68187487,38.13045663
2013,soybeans,0,65.22,13.92,25.53,42.09
2014,soybeans,0,53.84650852,10.13558183,13.66827491,28.30090616
2015,soybeans,0,50.98148905,14.6201976,26.56207329,22.12441331
2016,soybeans,0,47.5800795,18.87867291,38.98033441,15.78237643
2017,soybeans,0,41.9212356,16.36553337,18.36133012,26.77218787
2018,soybeans,0,49.94844779,13.58182161,6.892960013,20.60466243
2019,soybeans,0,69.15166309,13.93238804,8.364900081,23.59120513
2020,soybeans,0,55.58146582,13.11452562,17.28201042,27.87624286
2021,soybeans,0,43.35543237,16.30019825,15.0106256,14.23688202
2022,soybeans,0,28.19873819,14.24464135,7.613858314,11.77700301
1996,wheat,0,8.121572913,5.716280752,16.22829834,12.50158024
1997,wheat,0,7.489458692,8.650615078,15.51595221,14.00644891
1998,wheat,0,7.303130491,6.288409816,15.06359988,14.93497331
1999,wheat,0,6.012695678,4.474564226,15.1436033,14.94784112
2000,wheat,0,5.533066957,4.55903072,16.99152102,15.05697683
2001,wheat,0,4.735433089,6.090293111,13.90375771,15.77162298
2002,wheat,0,5.658822068,5.619974319,10.50184141,15.92757699
2003,wheat,0,5.000979076,6.634210217,7.988905815,15.30679418
2004,wheat,0,5.820841927,8.126980572,9.545194177,15.03306421
2005,wheat,0,5.272247517,7.87258679,12.78698945,14.81477696
2006,wheat,0,5.696815526,7.360794097,13.91270972,15.43802341
2007,wheat,0,5.965996614,10.93204276,15.28014199,19.15635448
2008,wheat,0,9.294346247,13.48167104,26.97416204,18.42639308
2009,wheat,0,9.555561978,20.21870046,38.45027837,19.48031612
2010,wheat,0,8.888552665,14.23023095,30.0095486,22.64871593
2011,wheat,0,6.990605231,17.83381068,34.73554066,19.45977367
2012,wheat,0,11.26258831,16.39670514,46.24763739,24.42256762
2013,wheat,0,14.51,19.6,49.05,26.78
2014,wheat,0,7.64596804,14.45550457,31.91232221,29.80648288
2015,wheat,0,12.38416738,12.11879237,35.9140854,28.03146458
2016,wheat,0,10.57982184,12.23959205,39.1453408,25.17803472
2017,wheat,0,7.736088365,10.78680626,29.03409085,20.68025587
2018,wheat,0,7.765016865,10.82649305,28.21196689,17.03294022
2019,wheat,0,7.763502036,14.46088936,36.58504774,19.55454856
2020,wheat,0,10.5492272,8.893034531,37.79539676,20.04533188
2021,wheat,0,9.835140717,14.20249341,36.47771159,19.38657545
2022,wheat,0,11.47053824,15.73716455,40.83543456,19.16797786
1996,corn,1,48.99669216,17.5348768,57.2667399,31.23910312
1997,corn,1,53.9502286,19.01393583,69.17589171,35.48784206
1998,corn,1,51.90796466,18.06488638,64.0274454,35.35801337
1999,corn,1,48.66088595,13.14403241,53.89053289,35.86642887
2000,corn,1,48.83709466,9.835060337,53.58552131,34.53770157
2001,corn,1,49.39319791,13.68014003,67.79561705,34.72650932
2002,corn,1,46.487806,14.49021028,51.03299261,33.24072368
2003,corn,1,46.14827527,12.97722418,47.97141701,31.18332016
2004,corn,1,51.22834187,20.9155676,60.0582631,35.31968491
2005,corn,1,60.80976887,15.48275402,64.84148756,37.16815218
2006,corn,1,58.40102569,15.16069365,69.89865541,36.06442445
2007,corn,1,66.67085482,18.84176332,91.75949972,34.04325752
2008,corn,1,72.69931599,34.0071365,113.7069671,37.41542412
2009,corn,1,84.43642038,28.47123126,117.5659881,43.52124137
2010,corn,1,87.19755632,24.05891899,95.69082479,45.48973227
2011,corn,1,91.20927447,34.26950031,149.0397035,50.40485283
2012,corn,1,88.5685886,32.39769772,165.0831638,61.45720485
2013,corn,1,105.43,39.27,152.65,82.79
2014,corn,1,101.3066164,24.23683305,106.9353085,79.53971644
2015,corn,1,100.2331261,21.34794567,107.2704784,70.08849015
2016,corn,1,97.38289221,20.43167428,100.7800827,58.70345182
2017,corn,1,96.83415768,23.80700412,82.91109938,51.36800689
2018,corn,1,80.0529636,26.7090604,85.1554239,44.75321548
2019,corn,1,85.89968743,22.08771002,96.4423774,51.72023187
2020,corn,1,80.75739455,20.25235597,86.29303851,58.21877262
2021,corn,1,86.49593597,20.82229966,86.30679865,53.96431668
2022,corn,1,72.72369008,20.43363753,133.5867959,60.87902602
1996,sorghum,1,11.40286654,7.364351307,40.28121995,28.62594621
1997,sorghum,1,9.797257009,4.673654455,30.31343891,24.61651539
1998,sorghum,1,8.317851166,2.115192393,20.92325448,20.92325448
1999,sorghum,1,9.022857066,3.551685354,27.88085715,21.74485672
2000,sorghum,1,9.585402059,4.870181185,34.14292173,22.27001033
2001,sorghum,1,10.15248155,6.129755054,40.16866992,22.8520521
2002,sorghum,1,10.81380061,7.406970762,46.40540169,23.67593706
2003,sorghum,1,11.37391835,8.583959022,52.08039176,24.30165068
2004,sorghum,1,11.85918064,9.668517099,57.26443836,24.79463406
2005,sorghum,1,12.22528147,10.616064,61.70871852,25.0686586
2006,sorghum,1,12.57438352,11.50918512,65.90363615,25.33785552
2007,sorghum,1,12.9370507,12.38140917,70.03228178,25.65960742
2008,sorghum,1,13.14330136,13.07051253,73.17637789,25.69642305
2009,sorghum,1,13.87728205,14.26819141,79.19171989,26.77729072
2010,sorghum,1,16.70609883,16.89839925,66.84576205,33.43356438
2011,sorghum,1,19.15425833,19.15425833,54.0710369,39.28202317
2012,sorghum,1,21.66526278,21.48262621,42.46300186,45.21777009
2013,sorghum,1,24.21,23.85,31.49,51.2
2014,sorghum,1,23.1576724,23.55784748,39.63701321,44.93113265
2015,sorghum,1,22.46514173,23.61837636,48.22945185,39.43276153
2016,sorghum,1,21.5284815,23.41149566,56.16041207,33.56424213
2017,sorghum,1,21.07941523,22.92315127,54.98895243,32.86411986
2018,sorghum,1,20.57683083,22.37660774,53.67788242,32.08055952
2019,sorghum,1,20.21061915,21.97836492,52.72256195,31.50961272
2020,sorghum,1,19.96432246,21.7105256,52.0800585,31.12562086
2021,sorghum,1,19.06848087,20.73632815,49.74311555,29.72894808
2022,sorghum,1,17.65555436,19.19981835,46.0572757,27.52610774
1996,soybeans,1,30.31855921,24.988313,2.479529573,19.34626966
1997,soybeans,1,34.61697477,22.17808698,12.20665651,21.13304623
1998,soybeans,1,39.50264712,15.7067327,9.375447362,22.42389773
1999,soybeans,1,36.34185132,9.997854442,12.78047407,24.83383145
2000,soybeans,1,36.59400029,8.8610241,9.091004878,24.3644342
2001,soybeans,1,33.98988639,9.378788312,15.8242389,22.94054252
2002,soybeans,1,35.63633485,14.60675353,6.83720378,25.88554992
2003,soybeans,1,31.79103408,11.04013609,20.80154082,21.49787967
2004,soybeans,1,41.991455,16.80891429,17.22821223,23.51768126
2005,soybeans,1,50.9332509,14.56428556,17.46282888,24.89407368
2006,soybeans,1,41.1025818,17.91088046,16.39712217,19.85218879
2007,soybeans,1,44.41353035,14.31389771,12.23534899,15.89808891
2008,soybeans,1,47.93242593,34.22353571,26.95252212,23.0465163
2009,soybeans,1,75.14146464,32.59749666,38.01593464,32.89067867
2010,soybeans,1,73.15962578,30.84285041,20.50136126,34.99867612
2011,soybeans,1,74.38003966,34.48698581,49.07922695,39.96554902
2012,soybeans,1,49.99168702,24.55447181,60.33094602,45.50694465
2013,soybeans,1,76.08,26.78,46.17,54.59
2014,soybeans,1,73.75357846,10.73584444,43.81917076,57.00526751
2015,soybeans,1,72.80121253,23.59871895,43.23647008,43.81636364
2016,soybeans,1,67.42937827,16.59770215,25.50804752,42.07663089
2017,soybeans,1,68.28476032,23.31280683,36.43754643,30.52618652
2018,soybeans,1,71.34167228,14.55592767,20.99430486,33.11960598
2019,soybeans,1,91.28493356,25.18582116,13.42211091,42.98173604
2020,soybeans,1,54.87938415,18.83019053,35.24810043,44.96023025
2021,soybeans,1,52.4168295,17.98523984,33.66644322,42.94276913
2022,soybeans,1,48.53287417,16.65257877,31.17184439,39.76081786
1996,wheat,1,9.84388088,5.909298024,20.53406826,17.72789407
1997,wheat,1,11.21967358,8.89736081,17.72214935,22.5554628
1998,wheat,1,7.717593865,6.316993497,15.46377141,23.83878994
1999,wheat,1,6.711846339,3.551685354,15.75885588,23.35163205
2000,wheat,1,8.441647387,2.773297619,19.35897021,25.05437654
2001,wheat,1,6.090293111,2.354562564,13.16713478,21.57252851
2002,wheat,1,8.637149472,5.322141579,9.957972929,26.88264213
2003,wheat,1,7.583763207,6.127781957,14.34458049,24.05534239
2004,wheat,1,8.706598306,7.633688883,18.76974876,27.95730646
2005,wheat,1,13.01362453,8.743342601,27.26777788,29.29556539
2006,wheat,1,8.389225298,10.15720253,26.08055303,24.09302307
2007,wheat,1,15.67338094,9.538853344,33.08824864,27.24584141
2008,wheat,1,17.01979819,11.9235967,41.3322499,32.78448094
2009,wheat,1,18.00354745,22.66188392,51.61089327,28.16719065
2010,wheat,1,13.27941222,13.61059627,35.32986017,30.8214837
2011,wheat,1,16.86030417,19.41834786,50.13558507,33.21314219
2012,wheat,1,38.43485091,17.78677235,52.62977077,47.30287089
2013,wheat,1,21.01,19.7,62.13,47.05
2014,wheat,1,11.14914001,13.36322342,49.22153428,41.69365069
2015,wheat,1,20.31593173,13.19012113,52.66219748,46.32268323
2016,wheat,1,19.38339836,16.52975834,48.87101189,45.17292737
2017,wheat,1,15.80480952,12.61153472,56.0058584,30.61172067
2018,wheat,1,14.29616606,15.28882652,47.52245985,34.71992308
2019,wheat,1,12.93005797,17.94170834,39.65582261,38.85395855
2020,wheat,1,16.91296749,10.90026803,41.88187214,22.28659261
2021,wheat,1,16.15404668,10.41114983,40.00254349,21.28654582
2022,wheat,1,14.95707242,9.639709795,37.03845555,19.70926627
